{
  "objA": {
    "class_id": 0,
    "class_name": "lead",
    "dir": [
      -0.04092509299516678,
      -0.9991621971130371
    ]
  },
  "objB": {
    "class_id": 1,
    "class_name": "pad",
    "dir": [
      -0.07100310176610947,
      0.9974761009216309
    ]
  },
  "min_dist": 10.0,
  "max_dist": 20.0
}